{
    "mean_ndvi": 0.31568944454193115,
    "median_ndvi": 0.31778159737586975,
    "std_ndvi": 0.08391036093235016,
    "min_ndvi": -0.17303988337516785,
    "max_ndvi": 0.6160483360290527,
    "count_valid_pixels": 407780.0
}