{
    "mean_ndvi": 0.23479360342025757,
    "median_ndvi": 0.22878433763980865,
    "std_ndvi": 0.08483017981052399,
    "min_ndvi": -0.06985798478126526,
    "max_ndvi": 0.591145932674408,
    "count_valid_pixels": 407780.0
}