{
    "mean_ndvi": 0.3610251843929291,
    "median_ndvi": 0.36857840418815613,
    "std_ndvi": 0.059519339352846146,
    "min_ndvi": 0.19333083927631378,
    "max_ndvi": 0.48973870277404785,
    "count_valid_pixels": 2496.0
}