{
    "mean_ndvi": 0.27696216106414795,
    "median_ndvi": 0.25316673517227173,
    "std_ndvi": 0.11610056459903717,
    "min_ndvi": -0.3574603199958801,
    "max_ndvi": 0.7594156861305237,
    "count_valid_pixels": 232022.0
}