{
    "mean_ndvi": 0.3065906763076782,
    "median_ndvi": 0.3375743627548218,
    "std_ndvi": 0.11750021576881409,
    "min_ndvi": -0.21527579426765442,
    "max_ndvi": 0.5872458815574646,
    "count_valid_pixels": 421943.0
}