{
    "mean_ndvi": 0.3131597936153412,
    "median_ndvi": 0.31265485286712646,
    "std_ndvi": 0.08875030279159546,
    "min_ndvi": -0.15464116632938385,
    "max_ndvi": 0.7143988013267517,
    "count_valid_pixels": 416602.0
}