{
    "mean_ndvi": 0.2633739113807678,
    "median_ndvi": 0.27269870042800903,
    "std_ndvi": 0.10669814050197601,
    "min_ndvi": -0.18315903842449188,
    "max_ndvi": 0.594501256942749,
    "count_valid_pixels": 403727.0
}