{
    "mean_ndvi": 0.10152982920408249,
    "median_ndvi": 0.08425401896238327,
    "std_ndvi": 0.05985136330127716,
    "min_ndvi": -0.055851854383945465,
    "max_ndvi": 0.5082347393035889,
    "count_valid_pixels": 392094.0
}