{
    "mean_ndvi": 0.24942167103290558,
    "median_ndvi": 0.23101750016212463,
    "std_ndvi": 0.09039945900440216,
    "min_ndvi": -0.04008195549249649,
    "max_ndvi": 0.7348525524139404,
    "count_valid_pixels": 245504.0
}