{
    "mean_ndvi": 0.13284124433994293,
    "median_ndvi": 0.10896676778793335,
    "std_ndvi": 0.05504973977804184,
    "min_ndvi": 0.06593947112560272,
    "max_ndvi": 0.3162746727466583,
    "count_valid_pixels": 6945.0
}