{
    "mean_ndvi": 0.08483956009149551,
    "median_ndvi": 0.07105843722820282,
    "std_ndvi": 0.04609575495123863,
    "min_ndvi": -0.03941171616315842,
    "max_ndvi": 0.4584820866584778,
    "count_valid_pixels": 403966.0
}