{
    "mean_ndvi": 0.2930412292480469,
    "median_ndvi": 0.32819226384162903,
    "std_ndvi": 0.15012744069099426,
    "min_ndvi": -0.26924237608909607,
    "max_ndvi": 0.6256866455078125,
    "count_valid_pixels": 392094.0
}