{
    "mean_ndvi": 0.10494624078273773,
    "median_ndvi": 0.09520086646080017,
    "std_ndvi": 0.04200436547398567,
    "min_ndvi": -0.05800413712859154,
    "max_ndvi": 0.34802955389022827,
    "count_valid_pixels": 245504.0
}