{
    "mean_ndvi": 0.3201428949832916,
    "median_ndvi": 0.35734322667121887,
    "std_ndvi": 0.13575288653373718,
    "min_ndvi": -0.20512914657592773,
    "max_ndvi": 0.6475498080253601,
    "count_valid_pixels": 414241.0
}