{
    "mean_ndvi": 0.23676979541778564,
    "median_ndvi": 0.24219124019145966,
    "std_ndvi": 0.08539126813411713,
    "min_ndvi": -0.09597830474376678,
    "max_ndvi": 0.5172847509384155,
    "count_valid_pixels": 414149.0
}