{
    "mean_ndvi": 0.28492921590805054,
    "median_ndvi": 0.27227360010147095,
    "std_ndvi": 0.09341216087341309,
    "min_ndvi": -0.16304545104503632,
    "max_ndvi": 0.7866158485412598,
    "count_valid_pixels": 393727.0
}