{
    "mean_ndvi": 0.0929458811879158,
    "median_ndvi": 0.08130583167076111,
    "std_ndvi": 0.03491415083408356,
    "min_ndvi": 0.023477517068386078,
    "max_ndvi": 0.33781811594963074,
    "count_valid_pixels": 231770.0
}