{
    "mean_ndvi": 0.22892890870571136,
    "median_ndvi": 0.23987777531147003,
    "std_ndvi": 0.11109480261802673,
    "min_ndvi": -0.11946018040180206,
    "max_ndvi": 0.6042705178260803,
    "count_valid_pixels": 414241.0
}