{
    "mean_ndvi": 0.19943727552890778,
    "median_ndvi": 0.20071834325790405,
    "std_ndvi": 0.08668813854455948,
    "min_ndvi": -0.1619604527950287,
    "max_ndvi": 0.4712349474430084,
    "count_valid_pixels": 416602.0
}