{
    "mean_ndvi": 0.2976532578468323,
    "median_ndvi": 0.30023273825645447,
    "std_ndvi": 0.10699066519737244,
    "min_ndvi": -0.10839593410491943,
    "max_ndvi": 0.6864149570465088,
    "count_valid_pixels": 414149.0
}