{
    "mean_ndvi": 0.25690600275993347,
    "median_ndvi": 0.2626238763332367,
    "std_ndvi": 0.10595209151506424,
    "min_ndvi": -0.14805257320404053,
    "max_ndvi": 0.5750575661659241,
    "count_valid_pixels": 403966.0
}