{
    "mean_ndvi": 0.17182396352291107,
    "median_ndvi": 0.16336752474308014,
    "std_ndvi": 0.07695412635803223,
    "min_ndvi": -0.06966643780469894,
    "max_ndvi": 0.5272804498672485,
    "count_valid_pixels": 393727.0
}