{
    "mean_ndvi": 0.3047633767127991,
    "median_ndvi": 0.27634918689727783,
    "std_ndvi": 0.1413014829158783,
    "min_ndvi": -0.09566573798656464,
    "max_ndvi": 0.735044002532959,
    "count_valid_pixels": 231770.0
}