{
    "mean_ndvi": 0.18938784301280975,
    "median_ndvi": 0.1969473659992218,
    "std_ndvi": 0.07943151891231537,
    "min_ndvi": -0.12220212817192078,
    "max_ndvi": 0.5417727828025818,
    "count_valid_pixels": 421943.0
}