{
    "mean_ndvi": 0.23480717837810516,
    "median_ndvi": 0.22283565998077393,
    "std_ndvi": 0.06564885377883911,
    "min_ndvi": 0.07904085516929626,
    "max_ndvi": 0.41133785247802734,
    "count_valid_pixels": 6945.0
}