{
    "mean_ndvi": 0.13897119462490082,
    "median_ndvi": 0.1161981150507927,
    "std_ndvi": 0.06465447694063187,
    "min_ndvi": 0.032711803913116455,
    "max_ndvi": 0.3860083520412445,
    "count_valid_pixels": 232022.0
}