{
    "mean_ndvi": 0.22464309632778168,
    "median_ndvi": 0.2305917739868164,
    "std_ndvi": 0.03367239609360695,
    "min_ndvi": 0.132501482963562,
    "max_ndvi": 0.31989240646362305,
    "count_valid_pixels": 2496.0
}