{
    "mean_ndvi": 0.14557404816150665,
    "median_ndvi": 0.13094264268875122,
    "std_ndvi": 0.06882967799901962,
    "min_ndvi": -0.13038362562656403,
    "max_ndvi": 0.5345370173454285,
    "count_valid_pixels": 403727.0
}