{"1": [-72.50924325882404, -45.804831043601766, -72.2418650538088, -45.63271641818263], "2": [-72.49800103816465, -45.62515213268249, -72.23154050021319, -45.452982694828464], "3": [-72.48686464343041, -45.44546540382588, -72.22131295992838, -45.27324147397468], "4": [-72.47583285371034, -45.26577088285286, -72.21118131831375, -45.09349277754421], "5": [-72.2522877537103, -45.81244262197781, -71.98563092626766, -45.63970710676318], "6": [-72.2418650538088, -45.63271641818263, -71.97611934674394, -45.459929941381894], "7": [-72.23154050021319, -45.452982694828464, -71.96669717047479, -45.280145551054254], "8": [-72.22131295992838, -45.27324147397468, -71.95736336968659, -45.100353954275185], "9": [-71.99523295375434, -45.819477028621264, -71.72930635364287, -45.646123644179205], "10": [-71.98563092626766, -45.63970710676318, -71.72060879284241, -45.46630659530776], "11": [-71.97611934674394, -45.459929941381894, -71.71199300830675, -45.28648257189274], "12": [-71.96669717047479, -45.280145551054254, -71.70345805946363, -45.10665158927746], "13": [-71.7380866467875, -45.82593370313193, -71.47289905131049, -45.65196552137829], "14": [-71.72930635364287, -45.646123644179205, -71.4650164652604, -45.47211215312886], "15": [-71.72060879284241, -45.46630659530776, -71.45720801297948, -45.29225203850814], "16": [-71.71199300830675, -45.28648257189274, -71.44947284140302, -45.11238518998581]}