{"1": [-72.4879958678566, -45.80547800449128, -72.24185679709193, -45.63271222369594], "2": [-72.48792753072462, -45.62545608562934, -72.23153227127143, -45.45297849874469], "3": [-72.48685639775776, -45.445461226689886, -72.2218760268042, -45.283321913410646], "4": [-72.2519322705353, -45.80647887590449, -71.98562268670105, -45.63970289328019], "5": [-72.24185679709193, -45.63271222369594, -71.97611113479816, -45.459925726419634], "6": [-72.23153227127143, -45.45297849874469, -71.96686250702338, -45.28346773476169], "7": [-71.99453895865328, -45.80669111210329, -71.72929813149312, -45.646119411771146], "8": [-71.98562268670105, -45.63970289328019, -71.72060059815603, -45.46630236153786], "9": [-71.97611113479816, -45.459925726419634, -71.71198484082191, -45.28647833676887], "10": [-71.84137925632137, -45.283330181583786, -71.7118210547743, -45.28304332023725], "11": [-71.7371169164538, -45.8063226708259, -71.57423394945725, -45.64972124015119], "12": [-71.72929813149312, -45.646119411771146, -71.57316899226433, -45.46972107802046], "13": [-71.72060059815603, -45.46630236153786, -71.57321826589083, -45.289691243732875], "14": [-71.71198484082191, -45.28647833676887, -71.58110478268408, -45.282613106085975]}