{"1": [-72.4879958678566, -45.80547800449128, -72.24185679709193, -45.63271222369594], "2": [-72.48792753072462, -45.62545608562934, -72.23153227127143, -45.45297849874469], "3": [-72.48685639775776, -45.445461226689886, -72.2218760268042, -45.283321913410646]}